,Sample ID,Nucleic Acid Conc.,Weight (mg),MultFactor,DNA concentration
0,SDS 48h 80:1,6.933333333333334,4.0,400,693
1,SDS 96h change,8.733333333333333,12.800000000000002,400,272
2,Native lyophilized,47.06666666666666,24.2,400,777
3,Native wet,27.33333333333333,20.7,400,528
4,SDS 48h 20:1,30.633333333333336,17.5,400,700
5,SDS 48h change,9.166666666666666,2.5,400,1466
