,Sample ID,Nucleic Acid Conc.,Weight (mg),MultFactor,DNA concentration
0 ,PDE5 A3E,166.36666666666667,23.7,400,2807.876230661041
1,PD6E A34,198.3,25.0,400,3172.8
2,PDE6 A33,258.90000000000003,23.600000000000005,400,4388.135593220339
3,PDE6 A34,198.45,25.0,400,3175.2
4,PDE6 A35,137.83333333333334,25.0,400,2205.3333333333335
5,PDE6 A3sw5,208.4,24.100000000000005,400,3458.9211618257254
