,Sample ID,Nucleic Acid Conc.,Weight (mg),MultFactor,DNA concentration
0,PB1 A1B,4.5,9.6,400,187.5
1,PB1 A1M,23.1,11.3,400,817.6991150442477
2,PB1 P1,39.0,6.3,400,2476.190476190476
