Sample ID,Nucleic Acid Conc.,Weight (mg),DNA concentration
Native Lyophilized tissue,63.1,24.899999999999995,1013.6546184738958
SDS 40:1 (v/w) with tissue + 1% antibiotics,166.36666666666667,23.7,2807.876230661041
SDS 48 h,186.76666666666665,23.3,3206.2947067238906
SDS 96 h switch after 3 d + 1% antibiotics,201.73333333333335,23.3,3463.233190271817
