Sample ID,Nucleic Acid Conc.,Weight (mg),DNA concentration
PDE5 A3E,166.36666666666667,23.7,2807.876230661041
PDE6 A33,258.90000000000003,23.600000000000005,4388.135593220339
PDE6 A34,198.4,25.0,3174.4
PDE6 A35,137.83333333333334,25.0,2205.3333333333335
TPDE6 A3sw5,208.4,24.100000000000005,3458.9211618257254
