,Sample ID,Nucleic Acid Conc.,Weight (mg),MultFactor,DNA concentration
0,Adult 3 48h,134.86666666666667,21.8,400,2474
1,Adult 3 120h change,112.43333333333334,19.2,400,2342
2,Neonatal 4 48h,370.1333333333334,8.5,400,17418
3,Neonatal 5 120h change,302.26666666666665,4.08,400,29633
4,Neonatal 6 120h change,26.53333333333333,0.8000000000000002,400,13266
