,Sample ID,Nucleic Acid Conc.,Weight (mg),MultFactor,DNA concentration
0,NA3L,63.1,24.899999999999995,400,1013.6546184738958
1,PDE5 A3,186.76666666666665,23.3,400,3206.2947067238906
2,PDE5 A3E,166.36666666666667,23.7,400,2807.876230661041
3,PDE5 A3sw4,201.73333333333332,23.3,400,3463.2331902718165
