,Sample ID,Nucleic Acid Conc.,Weight (mg),MultFactor,DNA concentration
0,PB2 A2B,93.4,10.5,400,3558.095238095238
1,PB2 A2M,76.9,11.2,400,2746.428571428572
2,PB2 P2M,74.95,1.8,400,16655.555555555555
